<?xml version="1.0" encoding="UTF-8"?>
<!DOCTYPE hibernate-configuration PUBLIC "-//Hibernate/Hibernate Configuration DTD 3.0//EN"
                                         "http://www.hibernate.org/dtd/hibernate-configuration-3.0.dtd">
<hibernate-configuration>

    <!-- a SessionFactory instance listed as /jndi/name -->
    <session-factory name="java:hibernate/SessionFactory">

        <!-- properties -->

        <property name = "hibernate.dialect">
			 org.hibernate.dialect.MySQLDialect
		</property>
		<property name="connection.driver_class">
			com.mysql.cj.jdbc.Driver
		</property>
		
        <property name="show_sql">false</property>
		<property name = "hibernate.connection.url">
			 jdbc:mysql://localhost/borothfriplo54?useUnicode=true&amp;useJDBCCompliantTimezoneShift=true&amp;useLegacyDatetimeCode=false&amp;serverTimezone=UTC
		</property>
		  
		<property name = "hibernate.connection.username">
			 lo54
		</property>
		  
		<property name = "hibernate.connection.password">
			 lo54
		</property>
        

        <!-- mapping files -->
    	<mapping class="org.vinksel.ultimateprojectofdoom3000lesdeuxtours.entities.*" />

        <!-- cache settings -->
        <class-cache class="org.hibernate.auction.Item" usage="read-write"/>
        <class-cache class="org.hibernate.auction.Bid" usage="read-only"/>
        <collection-cache collection="org.hibernate.auction.Item.bids" usage="read-write"/>
        
        
    </session-factory>

</hibernate-configuration>

